Age,Height,Weight,Bmi,BmiClass,daily_distance_km,terrain_factor,battery_Wh
61,1.85,109.3,31.935719503287068,Obese Class 1,4.371,1.0,167.212605
60,1.71,79.02,27.02369959987689,Overweight,9.556,1.3,343.5773795999999
60,1.55,74.7,31.09261186264308,Obese Class 1,7.588,1.0,198.38826
60,1.46,35.9,16.841808969787955,Underweight,6.388,1.0,80.26522
60,1.58,97.1,38.89601025476686,Obese Class 2,2.404,1.3,106.20992199999998
59,1.71,79.32,27.126295270339597,Overweight,2.404,1.0,66.739848
59,1.7,73.32,25.370242214532876,Overweight,1.523,1.0,39.08322599999999
59,1.72,85.32,28.83991346673878,Overweight,8.796,1.6,420.26584319999995
59,1.46,36.0,16.88872208669544,Underweight,6.41,1.3,104.9958
59,1.83,104.7,31.26399713338708,Obese Class 1,7.373,1.0,270.183585
58,1.71,79.31,27.122875414657504,Overweight,1.185,1.6,52.63011600000001
58,1.7,73.41,25.401384083044984,Overweight,9.729,1.3,324.96367994999997
58,1.72,85.21,28.80273120605733,Overweight,8.492,1.0,253.26116199999998
58,1.47,36.0,16.65972511453561,Underweight,2.911,1.0,36.678599999999996
57,1.71,79.3,27.11945555897541,Overweight,2.636,1.3,95.110834
57,1.7,73.5,25.432525951557096,Overweight,2.651,1.3,88.65606749999998
57,1.72,85.1,28.76554894537588,Overweight,3.738,1.0,111.33632999999999
57,1.75,110.0,35.91836734693877,Obese Class 2,5.723,1.3,286.43615
57,1.58,79.7,31.92597340169844,Obese Class 1,4.888,1.3,177.255988
57,1.47,36.0,16.65972511453561,Underweight,3.621,1.0,45.6246
57,1.6,99.1,38.71093749999999,Obese Class 2,6.507,1.0,225.69529499999996
56,1.71,79.29,27.116035703293328,Overweight,2.255,1.0,62.579632499999995
56,1.7,73.59,25.463667820069208,Overweight,3.629,1.3,121.51144004999999
56,1.72,84.99,28.728366684694432,Overweight,4.297,1.0,127.82071049999998
56,1.59,75.8,29.982991179146392,Overweight,5.105,1.3,176.066345
56,1.47,36.1,16.706002128742657,Underweight,8.067,1.3,132.5045085
56,1.8,98.5,30.401234567901238,Obese Class 1,2.797,1.3,125.3545475
56,1.59,98.0,38.764289387286894,Obese Class 2,5.628,1.0,193.04039999999998
55,1.72,79.28,26.79826933477556,Overweight,6.332,1.3,228.41043679999996
55,1.71,73.68,25.197496665640717,Overweight,1.418,1.0,36.567384
55,1.73,84.88,28.36045307227104,Overweight,6.468,1.3,249.79674719999997
55,1.72,95.0,32.11195240670633,Obese Class 1,2.535,1.0,84.28875000000001
55,1.7,160.0,55.36332179930796,Obese Class 3,1.585,1.0,88.75999999999999
55,1.48,36.1,16.48100803506209,Underweight,9.54,1.3,156.69926999999998
54,1.72,79.32,26.811790156841536,Overweight,9.691,1.0,269.041542
54,1.71,73.82,25.245374645189973,Overweight,8.276,1.0,213.82701199999997
54,1.61,78.1,30.1300104162648,Obese Class 1,3.742,1.3,132.973841
54,1.48,36.2,16.526661796932068,Underweight,1.879,1.3,30.949009
54,1.61,100.3,38.69449481115697,Obese Class 2,7.158,1.3,326.666067
53,1.72,79.31,26.808409951325043,Overweight,4.961,1.3,179.02289405000002
53,1.62,76.3,29.073311995122687,Overweight,2.098,1.0,56.027089999999994
53,1.49,36.2,16.305571821089142,Underweight,5.457,1.0,69.14019
53,1.62,101.7,38.7517146776406,Obese Class 2,1.309,1.0,46.593855
52,1.72,79.3,26.805029745808547,Overweight,9.184,1.0,254.90191999999996
52,1.71,74.0,25.3069320474676,Overweight,3.329,1.6,137.95376
52,1.6,73.0,28.515624999999996,Overweight,6.963,1.3,231.27604499999998
52,1.49,36.3,16.350614837169495,Underweight,3.805,1.0,48.342524999999995
52,1.64,105.1,39.07644259369423,Obese Class 2,5.681,1.0,208.975585
51,1.72,79.29,26.80164954029205,Overweight,5.92,1.6,262.862208
51,1.71,74.09,25.33771074860641,Overweight,2.664,1.0,69.08151600000001
51,1.63,70.2,26.421769731642144,Overweight,9.726,1.3,310.65816600000005
51,1.5,36.4,16.177777777777777,Underweight,7.976,1.0,101.61423999999998
51,1.75,91.2,29.779591836734696,Overweight,9.455,1.3,392.34468000000004
51,1.7,107.3,37.1280276816609,Obese Class 2,9.053,1.0,339.98541500000005
50,1.73,79.28,26.489358147616024,Overweight,6.381,1.3,230.17798439999999
50,1.72,74.18,25.074364521362902,Overweight,9.297,1.6,386.20481760000007
50,1.74,84.38,27.870260272162767,Overweight,1.796,1.3,68.95364839999999
50,1.8,135.0,41.66666666666666,Obese Class 3,2.764,1.3,169.7787
50,1.62,46.0,17.527815881725342,Underweight,1.407,1.6,36.244319999999995
50,1.63,72.5,27.28744024991532,Overweight,3.928,1.3,129.5749
50,1.5,36.5,16.22222222222222,Underweight,4.498,1.0,57.461949999999995
50,1.84,106.9,31.574905482041583,Obese Class 1,3.442,1.3,167.417159
50,1.66,110.5,40.10015967484396,Obese Class 3,8.459,1.3,425.29737249999994
49,1.73,79.02,26.40248588325704,Overweight,4.211,1.0,116.46362699999999
49,1.72,74.02,25.020281233098974,Overweight,3.528,1.3,118.81986479999999
49,1.74,84.02,27.751354207953494,Overweight,5.884,1.6,276.84926079999997
49,1.6,75.0,29.296874999999996,Overweight,2.268,1.6,95.25599999999999
49,1.6,44.0,17.187499999999996,Underweight,8.22,1.0,126.588
49,1.64,77.9,28.96341463414635,Overweight,1.671,1.0,45.559815
49,1.51,36.6,16.051927547037412,Underweight,9.882,1.6,202.54147200000003
49,1.63,103.2,38.84225977643119,Obese Class 2,7.95,1.3,373.30019999999996
48,1.74,79.01,26.09657814770776,Overweight,2.788,1.0,77.09795799999999
48,1.73,74.11,24.761936583247017,Normal Weight,1.05,1.6,43.576679999999996
48,1.75,83.91,27.399183673469388,Overweight,8.339,1.3,318.37509795
48,1.63,100.0,37.63784862057285,Obese Class 2,7.362,1.0,257.67
48,1.58,42.0,16.82422688671687,Underweight,7.561,1.3,144.49071
48,1.68,79.5,28.16751700680273,Overweight,7.941,1.0,220.958325
48,1.51,36.7,16.095785272575764,Underweight,1.666,1.0,21.39977
48,1.69,110.9,38.82917264801653,Obese Class 2,4.226,1.0,164.03218999999999
47,1.74,79.0,26.09327520147972,Overweight,2.043,1.3,73.435635
47,1.73,74.2,24.792007751678973,Normal Weight,8.768,1.0,227.70496
47,1.75,83.8,27.363265306122447,Overweight,6.61,1.0,193.8713
47,1.55,40.0,16.649323621227886,Underweight,3.978,1.0,55.692
47,1.65,75.3,27.658402203856756,Overweight,1.572,1.0,41.43006
47,1.52,36.8,15.92797783933518,Underweight,3.799,1.6,78.289792
47,1.82,99.7,30.09902185726361,Obese Class 1,3.927,1.0,137.03266499999998
47,1.75,112.2,36.63673469387755,Obese Class 2,7.566,1.0,297.11681999999996
46,1.74,78.99,26.08997225525168,Overweight,6.738,1.3,242.1667521
46,1.73,74.29,24.82207892011093,Normal Weight,8.985,1.0,233.62347749999998
46,1.75,83.69,27.32734693877551,Overweight,5.25,1.0,153.78037499999996
46,1.86,70.0,20.23355301190889,Normal Weight,2.076,1.0,50.862
46,1.73,77.0,25.72755521400648,Overweight,7.419,1.0,199.94205
46,1.52,36.9,15.971260387811634,Underweight,7.847,1.0,101.344005
46,1.74,111.2,36.72876205575373,Obese Class 2,6.051,1.0,235.50492000000003
45,1.74,78.98,26.086669309023648,Overweight,7.939,1.0,219.457777
45,1.73,74.38,24.85215008854288,Normal Weight,5.444,1.6,226.7578432
45,1.75,83.58,27.29142857142857,Overweight,5.705,1.0,166.888365
45,1.68,140.0,49.60317460317461,Obese Class 3,4.848,1.3,308.8176
45,1.84,68.0,20.08506616257089,Normal Weight,1.229,1.3,38.02526
45,1.72,78.3,26.467009194159008,Overweight,1.971,1.0,54.015254999999996
45,1.53,37.0,15.805886624802426,Underweight,1.283,1.3,21.599305
45,1.78,90.7,28.626436056053528,Overweight,6.728,1.0,213.58035999999998
45,1.8,116.0,35.80246913580247,Obese Class 2,3.829,1.6,248.73183999999998
44,1.74,78.62,25.96776324481437,Overweight,5.577,1.0,153.462309
44,1.73,74.12,24.7652778241839,Normal Weight,9.168,1.0,237.836256
44,1.75,83.12,27.14122448979592,Overweight,3.244,1.0,94.374448
44,1.82,66.0,19.925129815239703,Normal Weight,4.693,1.6,173.45327999999998
44,1.71,74.4,25.44372627475121,Overweight,7.8,1.0,203.112
44,1.53,37.2,15.89132384980136,Underweight,3.059,1.3,51.776633999999994
44,1.8,96.1,29.66049382716049,Overweight,1.693,1.0,56.944055
44,1.79,116.4,36.32845416809712,Obese Class 2,3.608,1.3,191.08689600000002
43,1.74,78.61,25.96446029858634,Overweight,2.451,1.0,67.4355885
43,1.73,74.21,24.795348992615853,Normal Weight,9.367,1.3,316.28190685
43,1.75,83.01,27.10530612244898,Overweight,8.273,1.0,240.3596055
43,1.8,64.0,19.753086419753085,Normal Weight,6.701,1.0,150.1024
43,1.69,72.2,25.27922691782501,Overweight,8.843,1.0,223.46260999999998
43,1.54,37.4,15.769944341372913,Underweight,8.233,1.0,107.76996999999999
43,1.78,114.5,36.13811387451079,Obese Class 2,2.679,1.3,139.5692025
42,1.74,78.6,25.961157352358303,Overweight,9.033,1.0,248.49782999999996
42,1.73,74.3,24.825420161047813,Normal Weight,5.854,1.3,197.903251
42,1.75,82.9,27.06938775510204,Overweight,8.267,1.0,239.86700499999998
42,1.65,90.0,33.057851239669425,Obese Class 1,9.065,1.0,285.54749999999996
42,1.78,62.0,19.56823633379624,Normal Weight,3.862,1.0,83.8054
42,1.75,76.5,24.97959183673469,Normal Weight,1.99,1.0,53.28225
42,1.54,37.5,15.812109967954123,Underweight,3.051,1.3,52.0576875
42,1.79,93.8,29.274991417246653,Overweight,4.844,1.0,159.02852000000001
42,1.75,112.0,36.57142857142857,Obese Class 2,8.362,1.0,327.7904
41,1.74,78.59,25.95785440613027,Overweight,8.747,1.3,312.77916215000005
41,1.73,74.39,24.85549132947977,Normal Weight,1.063,1.6,44.282879199999996
41,1.75,82.79,27.033469387755105,Overweight,5.597,1.0,162.18147050000002
41,1.76,60.0,19.3698347107438,Normal Weight,4.757,1.0,99.89699999999999
41,1.72,78.6,26.56841535965387,Overweight,2.999,1.3,107.253237
41,1.55,37.7,15.691987513007284,Underweight,2.079,1.0,27.432405000000003
41,1.73,110.1,36.78706271509238,Obese Class 2,4.039,1.0,155.64286499999997
40,1.74,78.58,25.95455145990223,Overweight,9.486,1.0,260.893458
40,1.73,74.48,24.885562497911724,Normal Weight,3.909,1.3,132.4697556
40,1.75,82.68,26.997551020408167,Overweight,5.669,1.3,213.2643786
40,1.729,74.48,24.914356898162566,Normal Weight,7.327,1.0,191.000236
40,1.7,105.0,36.33217993079585,Obese Class 2,4.273,1.0,157.03275
40,1.74,58.0,19.15708812260536,Normal Weight,9.746,1.0,197.8438
40,1.7,75.0,25.95155709342561,Overweight,9.662,1.3,329.71575
40,1.56,38.0,15.61472715318869,Underweight,3.266,1.0,43.437799999999996
40,1.68,108.6,38.47789115646259,Obese Class 2,5.475,1.0,208.10474999999997
39,1.74,77.42,25.571409697450125,Overweight,3.708,1.3,130.6183788
39,1.73,73.42,24.531390958602024,Normal Weight,3.564,1.0,91.584108
39,1.75,81.42,26.58612244897959,Overweight,1.332,1.3,49.34540520000001
39,1.729,73.42,24.559775556701062,Normal Weight,6.486,1.0,166.670742
39,1.72,56.0,18.92915089237426,Normal Weight,5.524,1.0,108.2704
39,1.66,71.7,26.019741617070697,Overweight,1.463,1.0,36.713985
39,1.56,38.3,15.73800131492439,Underweight,3.508,1.3,61.132161999999994
39,1.78,90.2,28.468627698522912,Overweight,9.174,1.3,376.510134
39,1.74,111.7,36.8939093671555,Obese Class 2,3.156,1.3,160.39896600000003
38,1.74,77.41,25.56810675122209,Overweight,2.304,1.0,62.42342399999999
38,1.73,73.51,24.56146212703398,Normal Weight,5.405,1.3,180.78130525000003
38,1.75,81.31,26.550204081632653,Overweight,9.871,1.0,280.91385349999996
38,1.729,73.51,24.589881519655343,Normal Weight,3.178,1.0,81.765173
38,1.68,80.0,28.344671201814062,Overweight,7.049,1.3,256.5836
38,1.7,54.0,18.68512110726644,Normal Weight,7.855,1.0,148.4595
38,1.71,74.8,25.580520502034812,Overweight,3.139,1.0,82.17901999999998
38,1.57,38.7,15.70043409468944,Underweight,7.554,1.0,102.31893000000001
38,1.77,88.3,28.18474895464266,Overweight,4.31,1.0,133.20054999999996
38,1.78,118.9,37.52682742078021,Obese Class 2,6.691,1.0,278.445965
37,1.74,77.4,25.564803804994057,Overweight,6.702,1.3,236.02433399999998
37,1.73,73.6,24.591533295465933,Normal Weight,5.822,1.0,149.97472
37,1.75,81.2,26.51428571428572,Overweight,1.813,1.3,66.983098
37,1.729,73.6,24.61998748260962,Normal Weight,8.518,1.3,285.250784
37,1.7298,80.4,26.869789441512232,Overweight,3.887,1.0,109.38018
37,1.68,52.0,18.42403628117914,Underweight,2.679,1.0,48.757799999999996
37,1.67,71.1,25.493922334970776,Overweight,1.367,1.0,34.017795
37,1.58,39.1,15.662554077872134,Underweight,6.318,1.3,112.400379
37,1.76,113.3,36.57670454545455,Obese Class 2,7.098,1.0,281.47119
36,1.74,77.39,25.56150085876602,Overweight,1.149,1.3,40.45910505
36,1.73,73.69,24.62160446389789,Normal Weight,5.609,1.0,144.6645235
36,1.75,81.09,26.47836734693877,Overweight,3.038,1.3,112.08989609999999
36,1.729,73.69,24.6500934455639,Normal Weight,6.807,1.0,175.56274050000002
36,1.7298,80.39,26.866447427900106,Overweight,2.569,1.0,72.2826685
36,1.66,50.0,18.144868631151112,Underweight,7.218,1.6,202.10399999999998
36,1.69,62.0,21.707923392038097,Normal Weight,4.481,1.3,126.40901
36,1.68,68.4,24.234693877551027,Normal Weight,9.431,1.0,225.77813999999998
36,1.59,39.6,15.663937344250622,Underweight,2.238,1.3,40.324284
36,1.75,112.2,36.63673469387755,Obese Class 2,4.07,1.0,159.8289
35,1.74,77.38,25.55819791253798,Overweight,2.021,1.3,71.1551659
35,1.73,73.78,24.651675632329848,Normal Weight,9.322,1.3,312.9386078
35,1.75,80.98,26.44244897959184,Overweight,8.896,1.0,252.13932800000003
35,1.729,73.78,24.68019940851818,Normal Weight,3.321,1.0,85.758183
35,1.7298,80.38,26.86310541428797,Overweight,6.94,1.0,195.24301999999997
35,1.7,85.0,29.411764705882355,Overweight,8.355,1.0,248.56124999999997
35,1.64,48.0,17.846519928613922,Underweight,5.997,1.3,130.97447999999997
35,1.71,65.0,22.229061933586404,Normal Weight,5.767,1.0,131.19925
35,1.72,67.0,22.647376960519203,Normal Weight,3.177,1.0,74.50065
35,1.65,65.2,23.94857667584941,Normal Weight,1.838,1.3,54.526108
35,1.6,40.1,15.664062499999998,Underweight,9.075,1.6,203.78820000000002
35,1.75,85.6,27.951020408163263,Overweight,9.104,1.0,272.75584
35,1.7,98.5,34.083044982698965,Obese Class 1,6.698,1.0,230.91355
34,1.74,76.22,25.17505615008588,Overweight,4.051,1.0,108.068527
34,1.73,72.72,24.297504093020148,Normal Weight,4.143,1.0,105.44763599999999
34,1.75,79.72,26.031020408163265,Overweight,7.534,1.6,336.3418688
34,1.729,72.72,24.32561806705668,Normal Weight,9.074,1.0,230.95144799999997
34,1.7298,79.22,26.47543183528108,Overweight,8.984,1.3,323.8291784
34,1.62,46.0,17.527815881725342,Underweight,8.019,1.0,129.1059
34,1.73,67.0,22.386314277122523,Normal Weight,6.778,1.3,206.62732999999997
34,1.72,66.0,22.30935640886966,Normal Weight,1.757,1.3,52.76270999999999
34,1.71,66.0,22.571047501795427,Normal Weight,2.455,1.3,73.72364999999999
34,1.7,65.0,22.49134948096886,Normal Weight,9.087,1.0,206.72925
34,1.73,70.9,23.689398242507263,Normal Weight,6.458,1.0,160.25527000000002
34,1.61,40.6,15.66297596543343,Underweight,1.083,1.0,15.389429999999999
34,1.77,86.9,27.737878642791024,Overweight,1.913,1.6,93.094232
34,1.81,120.9,36.90363542016422,Obese Class 2,6.972,1.3,383.526234
33,1.74,76.21,25.17175320385784,Overweight,1.046,1.3,36.27062529999999
33,1.73,72.81,24.327575261452104,Normal Weight,2.447,1.3,81.06556185
33,1.75,79.61,25.995102040816327,Overweight,5.939,1.3,215.12572444999998
33,1.729,72.81,24.35572403001096,Normal Weight,7.227,1.0,184.1692545
33,1.7298,79.21,26.47208982166895,Overweight,6.868,1.6,304.6479968
33,1.6,44.0,17.187499999999996,Underweight,3.018,1.0,46.47719999999999
33,1.69,64.0,22.40817898532965,Normal Weight,7.41,1.0,165.98399999999998
33,1.73,66.0,22.052190183434128,Normal Weight,3.135,1.0,72.4185
33,1.7,65.0,22.49134948096886,Normal Weight,3.929,1.0,89.38475
33,1.77,73.6,23.49261068020045,Normal Weight,7.718,1.0,198.81568
33,1.62,41.2,15.698826398414871,Underweight,6.847,1.3,128.35386200000002
33,1.76,84.3,27.21461776859504,Overweight,8.643,1.0,255.01171499999998
33,1.8,118.1,36.45061728395061,Obese Class 2,6.919,1.3,371.79592449999996
32,1.74,76.2,25.168450257629807,Overweight,6.115,1.0,163.08705
32,1.73,72.9,24.35764642988406,Normal Weight,1.843,1.0,47.024145
32,1.75,79.5,25.959183673469383,Overweight,4.309,1.0,119.897925
32,1.729,72.9,24.38582999296524,Normal Weight,3.387,1.0,86.41930500000001
32,1.6,120.0,46.87499999999999,Obese Class 3,3.196,1.3,174.50160000000002
32,1.58,42.0,16.82422688671687,Underweight,9.757,1.0,143.4279
32,1.65,60.0,22.03856749311295,Normal Weight,4.538,1.3,123.88740000000001
32,1.68,65.0,23.030045351473927,Normal Weight,9.028,1.0,205.387
32,1.7,65.0,22.49134948096886,Normal Weight,6.68,1.3,197.56099999999998
32,1.68,64.0,22.67573696145125,Normal Weight,8.153,1.6,292.20351999999997
32,1.65,61.0,22.4058769513315,Normal Weight,5.524,1.3,153.31861999999998
32,1.69,67.8,23.738664612583595,Normal Weight,6.192,1.0,146.93615999999997
32,1.64,42.2,15.690065437239742,Underweight,5.433,1.0,80.24540999999999
32,1.72,81.9,27.683883180097357,Overweight,2.757,1.0,79.029405
32,1.77,115.7,36.930639343739024,Obese Class 2,7.502,1.3,394.93153699999993
31,1.74,76.19,25.165147311401768,Overweight,3.527,1.0,94.0527455
31,1.73,72.99,24.38771759831601,Normal Weight,1.219,1.0,31.1411835
31,1.75,79.39,25.92326530612245,Overweight,6.809,1.3,245.95776205
31,1.729,72.99,24.415935955919515,Normal Weight,2.594,1.0,66.26762099999999
31,1.7298,76.07,25.42269754746064,Overweight,9.464,1.3,327.5665484
31,1.55,40.0,16.649323621227886,Underweight,9.585,1.0,134.19
31,1.68,62.0,21.9671201814059,Normal Weight,9.234,1.0,200.37779999999998
31,1.74,67.0,22.12973972783723,Normal Weight,4.331,1.3,132.03053500000001
31,1.71,66.0,22.571047501795427,Normal Weight,1.139,1.0,26.310899999999997
31,1.68,63.0,22.321428571428577,Normal Weight,9.355,1.3,268.161075
31,1.63,60.0,22.582709172343712,Normal Weight,4.854,1.0,101.934
31,1.7,74.1,25.640138408304495,Overweight,9.7,1.0,251.56949999999995
31,1.65,43.0,15.794306703397616,Underweight,9.673,1.3,189.252245
31,1.74,82.5,27.24930638129211,Overweight,8.677,1.3,325.7128874999999
31,1.85,132.0,38.568298027757486,Obese Class 2,3.65,1.3,219.21899999999997
30,1.74,76.18,25.16184436517373,Overweight,4.466,1.0,119.076958
30,1.73,73.08,24.417788766747968,Normal Weight,8.66,1.3,287.957124
30,1.75,79.28,25.88734693877551,Overweight,3.852,1.0,106.88529599999998
30,1.729,73.08,24.446041918873792,Normal Weight,2.525,1.0,64.58444999999999
30,1.7298,76.06,25.41935553384851,Overweight,6.011,1.6,256.0301296
30,1.68,95.0,33.6592970521542,Obese Class 1,9.425,1.0,313.38125
30,1.7,155.0,53.63321799307959,Obese Class 3,7.264,1.6,630.5152
30,1.8,175.0,54.01234567901234,Obese Class 3,6.131,1.0,375.52374999999995
30,2.07,270.0,63.01197227473221,Obese Class 3,1.875,1.0,177.1875
30,1.86,70.0,20.23355301190889,Normal Weight,6.535,1.0,160.10750000000002
30,1.7,66.0,22.837370242214536,Normal Weight,9.91,1.3,297.59729999999996
30,1.72,66.0,22.30935640886966,Normal Weight,2.261,1.3,67.89783
30,1.69,64.0,22.40817898532965,Normal Weight,5.665,1.3,164.9648
30,1.65,61.0,22.4058769513315,Normal Weight,8.896,1.3,246.90848000000003
30,1.865,93.4,26.85277691926198,Overweight,7.667,1.3,325.824499
30,1.87,92.3,26.3948068289056,Overweight,7.273,1.3,305.44054450000004
30,1.68,68.7,24.340986394557827,Normal Weight,7.322,1.0,176.05749
30,1.67,44.5,15.956111728638533,Underweight,4.235,1.0,65.960125
30,1.74,79.9,26.39054036200291,Overweight,3.642,1.0,101.84853
30,1.72,106.7,36.06679286100595,Obese Class 2,8.284,1.6,494.98556800000006
29,1.79,74.72,23.320121094847227,Normal Weight,8.291,1.6,346.9219712
29,1.78,71.72,22.63603080419139,Normal Weight,8.804,1.0,220.99800799999997
29,1.8,77.72,23.98765432098765,Normal Weight,9.219,1.3,326.0078094
29,1.779,71.72,22.66148599566297,Normal Weight,5.602,1.6,224.99424639999998
29,1.7798,74.6,23.55029884824138,Normal Weight,5.514,1.0,143.97053999999997
29,1.65,150.0,55.096418732782375,Obese Class 3,8.185,1.3,558.62625
29,1.75,170.0,55.51020408163265,Obese Class 3,6.85,1.6,652.1199999999999
29,2.05,260.0,61.86793575252826,Obese Class 3,7.318,1.0,665.938
29,1.84,68.0,20.08506616257089,Normal Weight,8.162,1.3,252.53228000000001
29,1.63,58.0,21.82995219993225,Normal Weight,9.01,1.0,182.90299999999996
29,1.7,64.0,22.145328719723185,Normal Weight,4.042,1.6,144.86527999999998
29,1.68,63.0,22.321428571428577,Normal Weight,4.38,1.6,154.52639999999997
29,1.66,62.0,22.49963710262738,Normal Weight,1.846,1.6,64.09312
29,1.847,90.9,26.645881511129275,Overweight,6.205,1.0,197.41207500000002
29,1.853,89.7,26.12411605398285,Overweight,1.323,1.3,53.9962605
29,1.72,69.3,23.424824229313145,Normal Weight,5.19,1.3,163.64848500000002
29,1.66,45.7,16.584409928872116,Underweight,5.884,1.0,94.11458
29,1.75,81.4,26.579591836734696,Overweight,3.579,1.3,132.555423
29,1.76,113.8,36.73811983471074,Obese Class 2,6.317,1.0,251.60611
28,1.78,74.71,23.579724782224464,Normal Weight,1.275,1.3,43.34113874999999
28,1.77,71.81,22.921255067190145,Normal Weight,1.336,1.0,33.578356
28,1.79,77.61,24.22209044661528,Normal Weight,8.403,1.0,228.25489050000002
28,1.769,71.81,22.94717675589362,Normal Weight,4.242,1.0,106.61630699999999
28,1.7698,74.59,23.813993218627807,Normal Weight,2.144,1.3,72.76403680000001
28,1.75,75.0,24.489795918367346,Normal Weight,5.7,1.0,149.625
28,1.67,145.0,51.991824733766,Obese Class 3,7.93,1.3,523.1817500000001
28,1.72,165.0,55.77339102217415,Obese Class 3,2.942,1.0,169.9005
28,2.02,250.0,61.26850308793256,Obese Class 3,6.606,1.0,578.025
28,1.82,66.0,19.925129815239703,Normal Weight,1.768,1.0,40.840799999999994
28,1.78,75.0,23.671253629592226,Normal Weight,1.465,1.3,49.993125000000006
28,1.76,69.0,22.27530991735537,Normal Weight,5.782,1.0,139.6353
28,1.66,62.0,22.49963710262738,Normal Weight,5.866,1.3,165.47986
28,1.67,63.0,22.58955143605005,Normal Weight,6.737,1.3,193.11610499999998
28,1.63,60.0,22.582709172343712,Normal Weight,7.535,1.3,205.7055
28,1.832,88.3,26.309328578783777,Overweight,9.783,1.0,302.34361499999994
28,1.838,87.2,25.8122267071295,Overweight,5.647,1.0,172.34644
28,1.78,72.1,22.75596515591465,Normal Weight,3.907,1.3,128.17108849999997
28,1.68,46.2,16.369047619047624,Underweight,8.157,1.0,131.89869000000002
28,1.73,78.6,26.26215376390791,Overweight,3.437,1.3,122.917431
28,1.82,126.8,38.28040091776355,Obese Class 2,4.951,1.0,219.72537999999997
27,1.77,74.7,23.84372306808388,Normal Weight,1.706,1.6,71.365392
27,1.76,71.9,23.211518595041326,Normal Weight,1.228,1.3,40.173406
27,1.78,77.5,24.460295417245295,Normal Weight,9.664,1.6,419.41760000000005
27,1.759,71.9,23.237917817923968,Normal Weight,8.524,1.0,214.50645999999998
27,1.7598,74.58,24.08217745662525,Normal Weight,7.264,1.3,246.4958496
27,1.69,140.0,49.017891530408605,Obese Class 3,4.681,1.0,229.369
27,1.77,160.0,51.07089278304446,Obese Class 3,2.56,1.0,143.36
27,2.0,240.0,60.0,Obese Class 3,2.408,1.3,262.9536
27,1.8,64.0,19.753086419753085,Normal Weight,3.252,1.3,94.69823999999998
27,1.67,63.0,22.58955143605005,Normal Weight,5.943,1.6,209.66903999999994
27,1.75,68.0,22.20408163265306,Normal Weight,7.431,1.3,229.91513999999998
27,1.66,62.0,22.49963710262738,Normal Weight,6.942,1.0,150.6414
27,1.62,59.0,22.4813290656912,Normal Weight,3.519,1.0,72.66735
27,1.82,85.8,25.90266875981161,Overweight,9.594,1.3,374.540166
27,1.825,84.6,25.40063801838994,Overweight,7.641,1.0,226.25000999999997
27,1.79,76.8,23.969289348022844,Normal Weight,5.989,1.0,160.98432
27,1.69,47.5,16.63107034067435,Underweight,6.505,1.0,108.145625
27,1.71,76.3,26.093498854348347,Overweight,4.776,1.0,127.54307999999999
27,1.84,131.0,38.693289224952736,Obese Class 2,3.23,1.0,148.0955
26,1.76,74.69,24.11221590909091,Normal Weight,4.204,1.0,109.89886599999998
26,1.75,71.99,23.506938775510203,Normal Weight,7.821,1.0,197.06182649999997
26,1.77,77.39,24.702352452998817,Normal Weight,1.13,1.0,30.607744999999994
26,1.749,71.99,23.533826893158903,Normal Weight,2.045,1.6,82.442948
26,1.7498,74.57,24.354954283689928,Normal Weight,1.414,1.0,36.904692999999995
26,1.64,135.0,50.19333729922666,Obese Class 3,1.367,1.0,64.59075
26,1.79,155.0,48.37551886645236,Obese Class 3,8.699,1.3,613.496975
26,1.97,230.0,59.26460357133654,Obese Class 3,7.333,1.0,590.3065
26,1.78,62.0,19.56823633379624,Normal Weight,5.268,1.6,182.90496
26,1.74,68.0,22.46003435064077,Normal Weight,1.881,1.3,58.198139999999995
26,1.69,63.0,22.058051188683876,Normal Weight,5.425,1.0,119.62124999999997
26,1.65,61.0,22.4058769513315,Normal Weight,5.261,1.0,112.32234999999999
26,1.6,58.0,22.65625,Normal Weight,2.559,1.3,67.53201
26,1.794,83.2,25.851065548608084,Overweight,4.905,1.6,228.53376
26,1.7990000000000002,82.1,25.36768465959564,Overweight,4.587,1.0,131.80744499999997
26,1.74,71.9,23.74818337957458,Normal Weight,6.543,1.3,214.0509735
26,1.71,48.9,16.723094285421155,Underweight,6.716,1.0,114.94434
26,1.76,80.2,25.89101239669421,Overweight,1.408,1.6,63.236096
26,1.86,134.1,38.76170655567117,Obese Class 2,4.372,1.0,205.19981999999996
25,1.75,74.68,24.38530612244898,Normal Weight,6.633,1.6,277.3973664
25,1.74,72.08,23.807636411679216,Normal Weight,5.528,1.3,181.29849919999998
25,1.76,77.28,24.948347107438018,Normal Weight,8.708,1.3,306.1941792
25,1.739,72.08,23.83502511969593,Normal Weight,6.928,1.0,174.77958399999997
25,1.7398,74.56,24.63242937823691,Normal Weight,2.466,1.0,64.35273600000001
25,1.7,130.0,44.98269896193772,Obese Class 3,1.635,1.0,74.3925
25,1.74,150.0,49.54419342053112,Obese Class 3,6.782,1.0,356.055
25,1.95,220.0,57.85667324128863,Obese Class 3,1.239,1.0,95.403
25,1.76,60.0,19.3698347107438,Normal Weight,6.272,1.3,171.22560000000001
25,1.72,68.0,22.985397512168745,Normal Weight,9.462,1.0,225.19559999999996
25,1.62,60.0,22.86236854138088,Normal Weight,6.179,1.0,129.75900000000001
25,1.6,58.0,22.65625,Normal Weight,4.494,1.6,145.96511999999998
25,1.77,78.0,24.897060231734173,Normal Weight,6.79,1.3,240.97709999999998
25,1.77,77.0,24.577867151840145,Normal Weight,5.124,1.6,220.94688000000002
25,1.76,76.0,24.535123966942148,Normal Weight,5.911,1.6,251.57216
25,1.76,75.0,24.212293388429757,Normal Weight,9.473,1.0,248.66625000000002
25,1.786,80.7,25.29942353680298,Overweight,4.475,1.0,126.39637499999998
25,1.781,79.5,25.0633598584598,Overweight,9.651,1.3,349.1007975
25,1.75,70.5,23.020408163265305,Normal Weight,9.148,1.3,293.44497
25,1.73,49.7,16.605967456313277,Underweight,2.762,1.0,48.04499
25,1.71,77.7,26.57227864984098,Overweight,1.624,1.3,57.41408400000001
25,1.75,100.2,32.71836734693878,Obese Class 1,1.907,1.0,66.87849
24,1.77,71.82,22.92444699798908,Normal Weight,1.164,1.0,29.259467999999995
24,1.76,69.32,22.378615702479337,Normal Weight,1.85,1.0,44.884699999999995
24,1.78,74.32,23.456634263350583,Normal Weight,7.147,1.3,241.6800932
24,1.759,69.32,22.404067637531146,Normal Weight,1.641,1.3,51.758124599999995
24,1.781,74.32,23.430300687807957,Normal Weight,3.871,1.0,100.69245199999999
24,1.62,125.0,47.62993446121017,Obese Class 3,8.604,1.3,489.35249999999996
24,1.76,145.0,46.81043388429752,Obese Class 3,1.209,1.0,61.356750000000005
24,1.92,210.0,56.966145833333336,Obese Class 3,8.33,1.0,612.255
24,1.74,58.0,19.15708812260536,Normal Weight,3.537,1.3,93.34142999999999
24,1.75,70.0,22.857142857142858,Normal Weight,2.063,1.6,80.8696
24,1.76,76.0,24.535123966942148,Normal Weight,7.271,1.3,251.43117999999998
24,1.76,75.0,24.212293388429757,Normal Weight,6.66,1.3,227.2725
24,1.75,74.0,24.163265306122447,Normal Weight,8.897,1.3,299.56199000000004
24,1.75,73.0,23.836734693877556,Normal Weight,7.616,1.3,252.96543999999997
24,1.7719999999999998,78.1,24.872738205035443,Normal Weight,8.231,1.0,224.99438499999997
24,1.767,77.0,24.66139425274214,Normal Weight,3.538,1.0,95.34909999999999
24,1.76,68.0,21.952479338842977,Normal Weight,2.597,1.0,61.80859999999999
24,1.66,50.5,18.32631731746262,Underweight,7.756,1.0,137.08729999999997
24,1.72,74.8,25.283937263385617,Overweight,8.262,1.3,281.188908
24,1.83,128.7,38.43052942757323,Obese Class 2,9.915,1.0,446.6211749999999
23,1.76,71.81,23.182463842975206,Normal Weight,4.714,1.0,118.479319
23,1.75,69.41,22.664489795918367,Normal Weight,4.348,1.0,105.62813799999999
23,1.77,74.21,23.68731845893581,Normal Weight,7.988,1.3,269.7192134
23,1.749,69.41,22.69041428884789,Normal Weight,4.067,1.0,98.8016645
23,1.771,74.21,23.66057579275364,Normal Weight,9.377,1.3,316.61956235
23,1.68,120.0,42.51700680272109,Obese Class 3,8.726,1.0,366.492
23,1.71,140.0,47.877979549263024,Obese Class 3,4.861,1.0,238.189
23,1.9,200.0,55.4016620498615,Obese Class 3,7.758,1.3,705.978
23,1.72,56.0,18.92915089237426,Normal Weight,7.791,1.3,198.51468
23,1.75,74.0,24.163265306122447,Normal Weight,1.928,1.0,49.935199999999995
23,1.75,73.0,23.836734693877556,Normal Weight,9.123,1.3,303.02044499999994
23,1.74,72.0,23.78121284185493,Normal Weight,5.547,1.3,181.71971999999997
23,1.74,71.0,23.450918219051392,Normal Weight,8.438,1.0,209.6843
23,1.753,75.6,24.60129469194525,Normal Weight,3.88,1.3,133.46424
23,1.746,74.4,24.40531721007861,Normal Weight,9.06,1.3,306.69912
23,1.68,52.1,18.459467120181408,Underweight,4.503,1.3,106.7458665
23,1.7,75.9,26.26297577854672,Overweight,1.098,1.3,37.918881000000006
22,1.75,71.8,23.444897959183677,Normal Weight,9.148,1.3,298.85601199999996
22,1.74,69.5,22.95547628484608,Normal Weight,1.822,1.3,57.616195
22,1.76,74.1,23.921745867768596,Normal Weight,3.874,1.3,130.61384699999996
22,1.739,69.5,22.98188465342491,Normal Weight,9.551,1.3,302.0264975
22,1.761,74.1,23.89458521612024,Normal Weight,9.555,1.3,322.1516024999999
22,1.762,71.901,23.15917702641591,Normal Weight,6.161,1.3,201.55683775499998
22,1.738,71.699,23.736329074197425,Normal Weight,6.687,1.3,218.150301915
22,1.63,95.0,35.75595618954421,Obese Class 2,5.036,1.0,167.44699999999997
22,1.66,115.0,41.73319785164756,Obese Class 3,3.639,1.3,190.410675
22,1.69,135.0,47.26725254717973,Obese Class 3,3.958,1.3,243.12015000000002
22,1.87,190.0,54.333838542709245,Obese Class 3,7.053,1.0,469.0245
22,1.7,54.0,18.68512110726644,Normal Weight,7.771,1.3,190.93347
22,1.74,72.0,23.78121284185493,Normal Weight,8.124,1.0,204.72480000000002
22,1.76,73.0,23.56663223140496,Normal Weight,8.107,1.0,207.13384999999997
22,1.74,71.0,23.450918219051392,Normal Weight,1.821,1.3,58.827405
22,1.73,70.0,23.38868655818771,Normal Weight,5.45,1.0,133.525
22,1.72,69.0,23.323418063818284,Normal Weight,1.518,1.3,47.65761
22,1.709,73.0,24.99417088001052,Normal Weight,5.946,1.3,197.49638999999996
22,1.702,71.9,24.82045730398053,Normal Weight,4.974,1.0,125.17071
22,1.8,80.2,24.753086419753085,Normal Weight,8.989,1.0,252.32123
22,1.7,54.8,18.961937716262977,Normal Weight,4.158,1.0,79.75044
22,1.68,72.0,25.510204081632654,Overweight,2.054,1.3,67.28903999999999
22,1.79,120.3,37.54564464280141,Obese Class 2,2.287,1.6,154.07061599999997
21,1.74,71.79,23.71185097106619,Normal Weight,7.854,1.3,256.54659030000005
21,1.73,69.59,23.25169567977547,Normal Weight,6.564,1.0,159.876066
21,1.75,73.99,24.16,Normal Weight,1.91,1.3,64.30100949999998
21,1.729,69.59,23.27859957764679,Normal Weight,1.757,1.0,42.7943705
21,1.751,73.99,24.132412220348268,Normal Weight,7.309,1.3,246.06077404999996
21,1.752,71.891,23.421047830528973,Normal Weight,1.655,1.0,41.64286175
21,1.728,71.689,24.008501050240053,Normal Weight,8.397,1.3,273.897502515
21,1.75,110.0,35.91836734693877,Obese Class 2,7.356,1.0,283.206
21,1.71,110.0,37.61841250299238,Obese Class 2,1.732,1.6,106.6912
21,1.73,130.0,43.43613217949146,Obese Class 3,1.764,1.0,80.262
21,1.85,180.0,52.59313367421475,Obese Class 3,9.88,1.3,809.172
21,1.68,52.0,18.42403628117914,Underweight,4.368,1.6,127.19616000000002
21,1.73,70.0,23.38868655818771,Normal Weight,4.336,1.0,106.23200000000001
21,1.75,71.0,23.18367346938776,Normal Weight,8.315,1.6,330.60439999999994
21,1.73,69.0,23.054562464499316,Normal Weight,9.525,1.3,299.037375
21,1.72,68.0,22.985397512168745,Normal Weight,9.874,1.0,235.00119999999998
21,1.71,67.0,22.91303307000445,Normal Weight,7.78,1.0,182.441
21,1.721,70.5,23.802763213825457,Normal Weight,4.386,1.3,140.691915
21,1.715,69.3,23.561611233414645,Normal Weight,1.752,1.0,42.49476
21,1.75,57.3,18.710204081632654,Normal Weight,7.994,1.3,208.41557099999997
21,1.7,43.4,15.017301038062286,Underweight,6.026,1.0,91.53493999999998
21,1.55,37.6,15.650364203954211,Underweight,4.818,1.3,82.426344
21,1.69,73.5,25.73439305346452,Overweight,9.157,1.0,235.56382499999998
20,1.73,71.78,23.98342744495305,Normal Weight,2.001,1.3,65.3524599
20,1.72,69.68,23.553272038939973,Normal Weight,5.434,1.6,212.03902720000005
20,1.74,73.88,24.40216673272559,Normal Weight,1.102,1.6,45.592825600000005
20,1.719,69.68,23.580683467565223,Normal Weight,5.218,1.3,165.43355920000002
20,1.741,73.88,24.374142426414863,Normal Weight,1.507,1.0,38.968005999999995
20,1.742,71.881,23.68742264127565,Normal Weight,2.069,1.3,67.668413995
20,1.718,71.679,24.285420006749057,Normal Weight,2.058,1.0,51.630383699999996
20,1.72,105.0,35.49215792320173,Obese Class 2,6.843,1.0,251.48025
20,1.65,105.0,38.56749311294767,Obese Class 2,7.714,1.0,283.4895
20,1.78,125.0,39.4520893826537,Obese Class 2,6.25,1.0,273.4375
20,1.82,170.0,51.322304069556814,Obese Class 3,9.66,1.3,747.2009999999999
20,1.66,50.0,18.144868631151112,Underweight,4.374,1.3,99.5085
20,1.72,68.0,22.985397512168745,Normal Weight,3.571,1.0,84.98979999999999
20,1.73,69.0,23.054562464499316,Normal Weight,8.817,1.0,212.93054999999998
20,1.72,67.0,22.647376960519203,Normal Weight,3.012,1.6,113.01024000000001
20,1.7,66.0,22.837370242214536,Normal Weight,9.669,1.0,223.35389999999998
20,1.69,65.0,22.758306781975424,Normal Weight,1.109,1.0,25.22975
20,1.705,68.9,23.7012065599711,Normal Weight,9.729,1.0,234.614835
20,1.6969999999999998,66.8,23.19598278913637,Normal Weight,1.388,1.3,42.186871999999994
20,1.61,44.6,17.206126306855445,Underweight,9.02,1.3,183.04286
20,1.57,41.1,16.67410442614305,Underweight,5.749,1.0,82.699365
20,1.56,39.4,16.190006574621957,Underweight,9.937,1.0,137.03123
20,1.54,34.9,14.715803676842638,Underweight,1.664,1.3,26.423487999999995
20,1.51,31.7,13.902898995658084,Underweight,5.985,1.3,86.3246475
20,1.49,29.4,13.242646727624882,Underweight,9.724,1.0,100.05995999999999
20,1.47,27.6,12.772455921143967,Underweight,5.708,1.6,88.22284800000001
20,1.46,25.9,12.15049727903922,Underweight,6.665,1.0,60.418225
20,1.68,72.9,25.829081632653068,Overweight,7.262,1.0,185.28993
19,1.751,70.0,22.83104278178644,Normal Weight,5.091,1.6,199.5672
19,1.741,68.0,22.43424045744736,Normal Weight,6.648,1.0,158.22239999999996
19,1.761,72.0,23.21741073631116,Normal Weight,6.259,1.3,205.04484
19,1.74,68.0,22.46003435064077,Normal Weight,9.11,1.0,216.81799999999996
19,1.762,72.0,23.19106474043401,Normal Weight,1.409,1.0,35.5068
19,1.763,70.101,22.55379292438732,Normal Weight,3.529,1.6,138.53640024
19,1.739,69.899,23.11382381855752,Normal Weight,9.554,1.0,233.7352661
19,1.68,98.0,34.72222222222223,Obese Class 1,9.012,1.3,401.84508
19,1.69,98.0,34.31252407128602,Obese Class 1,5.101,1.0,174.96429999999998
19,1.75,120.0,39.18367346938776,Obese Class 2,6.581,1.0,276.40200000000004
19,1.8,160.0,49.38271604938272,Obese Class 3,3.496,1.0,195.776
19,1.64,48.0,17.846519928613922,Underweight,2.693,1.3,58.81511999999999
19,1.71,66.0,22.571047501795427,Normal Weight,5.173,1.0,119.49629999999999
19,1.72,67.0,22.647376960519203,Normal Weight,4.18,1.3,127.42729999999999
19,1.7,65.0,22.49134948096886,Normal Weight,6.253,1.0,142.25575
19,1.69,64.0,22.40817898532965,Normal Weight,1.7,1.6,60.92799999999999
19,1.68,63.0,22.321428571428577,Normal Weight,9.77,1.0,215.42849999999996
19,1.673,65.4,23.36608038288931,Normal Weight,9.876,1.3,293.880132
19,1.661,64.2,23.26996677324215,Normal Weight,7.283,1.3,212.743713
19,1.58,41.5,16.623938471398812,Underweight,5.825,1.3,109.99056250000001
19,1.6,42.3,16.523437499999996,Underweight,3.786,1.3,72.86724899999999
19,1.59,41.2,16.296823701594082,Underweight,8.324,1.3,156.041704
19,1.58,37.0,14.821342733536287,Underweight,7.163,1.3,120.589105
19,1.53,33.6,14.353453799820583,Underweight,2.464,1.0,28.97664
19,1.5,30.8,13.68888888888889,Underweight,9.198,1.0,99.15444
19,1.48,28.7,13.10262965668371,Underweight,8.403,1.6,135.053016
19,1.47,26.9,12.448516821694664,Underweight,9.548,1.3,116.862746
19,1.69,74.4,26.04950807044572,Overweight,7.531,1.3,254.93941199999998
18,1.75,69.2,22.59591836734694,Normal Weight,6.521,1.0,157.93862
18,1.74,67.3,22.22882811467829,Normal Weight,4.764,1.0,112.21601999999999
18,1.76,71.1,22.953254132231404,Normal Weight,9.395,1.0,233.79457499999998
18,1.739,67.3,22.254400534899226,Normal Weight,8.795,1.3,269.31609249999997
18,1.761,71.1,22.92719310210727,Normal Weight,1.407,1.0,35.013194999999996
18,1.762,69.301,22.32172191078913,Normal Weight,1.237,1.0,30.003867950000004
18,1.738,69.099,22.875585471177672,Normal Weight,4.388,1.0,106.1222442
18,1.59,69.32,27.419801431905377,Overweight,8.295,1.0,201.25328999999996
18,1.7,100.0,34.602076124567475,Obese Class 1,9.885,1.3,449.7675
18,1.67,100.0,35.8564308508731,Obese Class 2,2.354,1.0,82.39
18,1.72,115.0,38.87236343969714,Obese Class 2,6.347,1.3,332.106775
18,1.78,150.0,47.34250725918445,Obese Class 3,4.428,1.0,232.47
18,1.62,46.0,17.527815881725342,Underweight,9.729,1.0,156.63689999999997
18,1.7,64.0,22.145328719723185,Normal Weight,8.579,1.0,192.1696
18,1.71,65.0,22.229061933586404,Normal Weight,8.545,1.0,194.39875
18,1.69,63.0,22.058051188683876,Normal Weight,5.218,1.0,115.05689999999998
18,1.68,62.0,21.9671201814059,Normal Weight,4.733,1.0,102.70609999999999
18,1.67,61.0,21.872422819032597,Normal Weight,3.461,1.3,96.06005499999999
18,1.69,63.8,22.33815342600049,Normal Weight,1.507,1.0,33.651309999999995
18,1.6840000000000002,61.7,21.75709909106809,Normal Weight,8.783,1.3,246.5695505
18,1.62,43.9,16.727632982777013,Underweight,8.316,1.3,166.107942
18,1.55,40.0,16.649323621227886,Underweight,9.997,1.3,181.94539999999998
18,1.61,41.7,16.087342309324484,Underweight,9.97,1.0,145.51215000000002
18,1.57,36.3,14.72676376323583,Underweight,5.999,1.0,76.21729499999998
18,1.52,32.9,14.239958448753464,Underweight,7.921,1.0,91.210315
18,1.5,30.3,13.466666666666669,Underweight,9.503,1.0,100.77931500000001
18,1.48,28.3,12.9200146092038,Underweight,8.647,1.6,137.037656
18,1.46,26.6,12.478889097391631,Underweight,3.226,1.0,30.03406
18,1.7,72.9,25.22491349480969,Overweight,5.055,1.0,128.97832499999998
17,1.65,95.0,34.894398530762174,Obese Class 1,2.162,1.3,93.45245
17,1.63,95.0,35.75595618954421,Obese Class 2,9.586,1.3,414.35485
17,1.68,110.0,38.97392290249434,Obese Class 2,6.456,1.3,323.12280000000004
17,1.75,140.0,45.71428571428572,Obese Class 3,3.058,1.0,149.84199999999998
17,1.6,44.0,17.187499999999996,Underweight,7.045,1.0,108.493
17,1.69,61.0,21.35779559539232,Normal Weight,6.563,1.0,140.12005
17,1.7,62.0,21.45328719723184,Normal Weight,4.223,1.0,91.6391
17,1.68,60.0,21.258503401360542,Normal Weight,2.022,1.0,42.461999999999996
17,1.67,59.0,21.15529420201513,Normal Weight,7.044,1.0,145.4586
17,1.65,58.0,21.30394857667585,Normal Weight,5.683,1.0,115.36489999999998
17,1.638,60.3,22.47447302392357,Normal Weight,7.951,1.0,167.80585499999998
17,1.628,59.1,22.29865559103888,Normal Weight,5.681,1.0,117.511485
17,1.63,45.2,17.01230757649893,Underweight,8.67,1.3,178.30722000000003
17,1.62,44.0,16.76573693034598,Underweight,5.967,1.3,119.45933999999998
17,1.6,38.9,15.195312499999996,Underweight,6.048,1.3,107.04657599999999
17,1.54,34.1,14.37847866419295,Underweight,8.89,1.0,106.10215000000001
17,1.51,31.2,13.683610367966317,Underweight,4.631,1.0,50.57052
17,1.49,29.0,13.062474663303457,Underweight,2.206,1.0,22.390899999999995
17,1.47,27.3,12.63362487852284,Underweight,1.259,1.3,15.638668499999998
16,1.6,90.0,35.15624999999999,Obese Class 2,7.796,1.3,319.2462
16,1.58,90.0,36.05191475725044,Obese Class 2,6.583,1.0,207.3645
16,1.7,105.0,36.33217993079585,Obese Class 2,7.337,1.6,431.41560000000004
16,1.72,130.0,43.942671714440245,Obese Class 3,2.917,1.0,132.7235
16,1.58,42.0,16.82422688671687,Underweight,2.227,1.0,32.7369
16,1.67,58.0,20.7967298935064,Normal Weight,1.131,1.3,29.847089999999998
16,1.68,59.0,20.904195011337876,Normal Weight,4.155,1.3,111.540975
16,1.66,57.0,20.685150239512268,Normal Weight,6.309,1.3,163.62391499999998
16,1.65,56.0,20.569329660238758,Normal Weight,4.53,1.3,115.42439999999999
16,1.64,55.0,20.449137418203453,Normal Weight,4.937,1.0,95.03725
16,1.652,58.7,21.50889083010395,Normal Weight,9.137,1.3,244.0355645
16,1.642,56.6,20.992788272523484,Normal Weight,4.134,1.0,81.89454
16,1.59,42.8,16.929710058937538,Underweight,5.626,1.3,109.56072400000001
16,1.58,40.1,16.06313090850825,Underweight,8.053,1.0,113.02385500000001
16,1.55,35.7,14.859521331945889,Underweight,4.569,1.3,74.21655150000001
16,1.52,32.2,13.936980609418285,Underweight,6.599,1.0,74.37073
16,1.49,29.9,13.467861808026663,Underweight,8.761,1.3,119.18902449999997
16,1.47,28.0,12.957563977972145,Underweight,9.546,1.0,93.55079999999998
16,1.46,26.3,12.33814974666917,Underweight,2.324,1.3,27.810146
15,1.55,85.0,35.37981269510926,Obese Class 2,9.339,1.0,277.83525
15,1.62,85.0,32.38835543362292,Obese Class 1,5.429,1.0,161.51274999999998
15,1.65,100.0,36.73094582185492,Obese Class 2,3.324,1.0,116.33999999999999
15,1.7,120.0,41.52249134948097,Obese Class 3,5.132,1.0,215.54399999999998
15,1.55,40.0,16.649323621227886,Underweight,9.82,1.3,178.724
15,1.65,55.0,20.202020202020204,Normal Weight,5.434,1.0,104.6045
15,1.66,56.0,20.322252866889244,Normal Weight,3.959,1.6,124.15424
15,1.64,54.0,20.077334919690664,Normal Weight,6.701,1.0,126.64889999999998
15,1.63,53.0,19.94805976890361,Normal Weight,3.161,1.0,58.63654999999999
15,1.62,52.0,19.81405273586343,Normal Weight,1.683,1.3,39.81978
15,1.605,55.2,21.42836346696946,Normal Weight,2.16,1.3,54.25056
15,1.597,54.0,21.173074593133887,Normal Weight,2.152,1.0,40.6728
22,1.78,115.0,36.295922232041406,Obese Class 2,2.367,1.3,123.85327500000001
32,1.76,130.5,42.12939049586777,Obese Class 3,2.249,1.3,133.5399975
42,1.73,146.2,48.84894249724347,Obese Class 3,6.768,1.0,346.31855999999993
25,1.81,128.7,39.28451512469094,Obese Class 2,2.637,1.6,190.05386399999998
35,1.75,141.5,46.204081632653065,Obese Class 3,4.111,1.6,325.75564
45,1.7,155.8,53.91003460207614,Obese Class 3,9.071,1.3,643.034119
28,1.85,142.0,41.49013878743608,Obese Class 3,5.266,1.0,261.7202
38,1.8,159.6,49.25925925925925,Obese Class 3,7.008,1.3,508.90694399999995
48,1.68,175.0,62.00396825396826,Obese Class 3,2.551,1.0,156.24875
30,1.8,150.0,46.29629629629629,Obese Class 3,2.731,1.0,143.3775
40,1.74,165.3,54.59770114942529,Obese Class 3,1.368,1.0,79.14564
50,1.66,182.7,66.30134997822616,Obese Class 3,2.52,1.0,161.14139999999998
24,1.77,124.5,39.73953844680647,Obese Class 2,3.507,1.3,198.6627825
34,1.76,138.9,44.8411673553719,Obese Class 3,2.593,1.3,163.8763035
44,1.72,154.0,52.05516495402921,Obese Class 3,1.798,1.3,125.98586000000002
27,1.83,136.2,40.6700707695064,Obese Class 3,2.086,1.0,99.43961999999998
37,1.78,152.3,48.06842570382528,Obese Class 3,5.147,1.0,274.360835
47,1.67,168.9,60.56151170712467,Obese Class 3,2.857,1.0,168.891555
29,1.79,132.1,41.22842607908617,Obese Class 3,4.278,1.6,316.4693279999999
39,1.77,146.3,46.69794758849629,Obese Class 3,5.531,1.0,283.214855
49,1.65,162.5,59.68778696051424,Obese Class 3,7.214,1.3,533.385125
26,1.82,132.0,39.85025963047941,Obese Class 2,1.354,1.3,81.32124
36,1.76,144.0,46.48760330578513,Obese Class 3,8.195,1.0,413.028
46,1.71,158.7,54.273109674771725,Obese Class 3,6.651,1.3,480.2587335
31,1.78,127.8,40.33581618482515,Obese Class 3,1.736,1.0,77.65128
41,1.75,151.0,49.30612244897959,Obese Class 3,8.862,1.3,608.86371
17,1.65,60.5,22.222222222222225,Normal Weight,9.288,1.6,314.67744
25,1.75,70.2,22.92244897959184,Normal Weight,1.55,1.0,38.0835
32,1.8,76.8,23.703703703703702,Normal Weight,3.492,1.0,93.86496
22,1.68,63.5,22.498582766439917,Normal Weight,8.256,1.3,238.53647999999998
39,1.7,72.9,25.22491349480969,Overweight,7.734,1.6,315.732816
48,1.62,68.7,26.17741197988111,Overweight,2.661,1.0,63.983745
19,1.7,67.3,23.28719723183391,Normal Weight,2.884,1.3,88.312406
28,1.78,74.6,23.545006943567728,Normal Weight,4.334,1.3,147.108962
35,1.75,71.8,23.444897959183677,Normal Weight,5.361,1.3,175.13850899999997
44,1.69,70.3,24.613984104198035,Normal Weight,6.564,1.0,161.50722
20,1.72,66.0,22.30935640886966,Normal Weight,4.32,1.3,129.7296
29,1.79,75.3,23.501139165444275,Normal Weight,5.163,1.6,217.71338400000002
37,1.72,69.5,23.49242833964305,Normal Weight,7.727,1.0,187.959275
47,1.66,68.0,24.677021338365517,Normal Weight,1.33,1.0,31.653999999999996
21,1.69,65.7,23.003396239627467,Normal Weight,3.272,1.6,120.38342399999999
31,1.76,72.0,23.243801652892564,Normal Weight,7.42,1.0,186.98399999999998
38,1.71,70.2,24.00738688827332,Normal Weight,9.057,1.3,289.289637
49,1.64,67.3,25.02230814991077,Overweight,5.605,1.0,132.02577499999998
24,1.73,68.5,22.887500417655115,Normal Weight,5.789,1.0,138.79127499999998
33,1.81,78.4,23.93089344037117,Normal Weight,1.965,1.3,70.09548000000001
41,1.67,68.9,24.70508085625157,Normal Weight,5.027,1.0,121.22610500000002
50,1.63,67.0,25.21735857578381,Overweight,5.794,1.0,135.86929999999998
23,1.71,67.0,22.91303307000445,Normal Weight,3.182,1.0,74.61789999999999
30,1.77,73.5,23.46069137221105,Normal Weight,3.423,1.3,114.47367749999998
36,1.74,70.8,23.384859294490685,Normal Weight,4.396,1.0,108.93287999999998
46,1.68,69.2,24.518140589569164,Normal Weight,1.181,1.0,28.60382
18,1.66,62.3,22.608506314414285,Normal Weight,3.899,1.6,136.028312
27,1.74,71.5,23.616065530453163,Normal Weight,2.903,1.0,72.647575
34,1.78,73.2,23.10314354248201,Normal Weight,3.947,1.3,131.458782
42,1.65,66.2,24.31588613406796,Normal Weight,2.078,1.0,48.147259999999996
16,1.6,55.0,21.484375,Normal Weight,9.015,1.3,225.60037500000004
26,1.72,68.5,23.154407787993517,Normal Weight,6.342,1.0,152.04944999999998
37,1.76,73.2,23.63119834710744,Normal Weight,7.112,1.6,291.53510400000005
47,1.66,63.7,23.11656263608652,Normal Weight,8.103,1.0,180.65638499999997
18,1.68,62.8,22.25056689342404,Normal Weight,5.486,1.0,120.58227999999998
29,1.79,71.4,22.28394869073999,Normal Weight,1.782,1.0,44.532180000000004
40,1.73,70.0,23.38868655818771,Normal Weight,5.834,1.0,142.933
49,1.65,63.3,23.25068870523416,Normal Weight,6.282,1.0,139.17771
19,1.66,59.5,21.59239367106982,Normal Weight,7.709,1.0,160.53992499999998
30,1.76,68.0,21.952479338842977,Normal Weight,4.885,1.3,151.1419
42,1.69,67.2,23.52858793459613,Normal Weight,2.148,1.0,50.52096
50,1.64,62.7,23.31201665675194,Normal Weight,3.554,1.0,77.99253
21,1.72,65.7,22.2079502433748,Normal Weight,4.268,1.3,127.585458
32,1.78,70.5,22.25097841181669,Normal Weight,6.813,1.3,218.5440075
44,1.7,66.9,23.148788927335644,Normal Weight,6.137,1.0,143.69785499999998
22,1.69,64.3,22.51321732432338,Normal Weight,4.205,1.0,94.63352499999999
34,1.75,69.8,22.79183673469388,Normal Weight,9.879,1.0,241.34396999999996
46,1.68,63.8,22.604875283446717,Normal Weight,6.452,1.3,187.295108
23,1.7,63.5,21.972318339100347,Normal Weight,3.135,1.3,90.57798749999999
35,1.77,70.3,22.43927351655016,Normal Weight,1.916,1.0,47.143179999999994
48,1.65,63.1,23.17722681359045,Normal Weight,2.376,1.3,68.216148
25,1.71,66.7,22.810437399541744,Normal Weight,3.214,1.3,97.54007899999999
36,1.75,70.1,22.889795918367344,Normal Weight,2.446,1.3,78.01639300000001
45,1.67,63.5,22.76883359030442,Normal Weight,2.679,1.3,77.40300749999999
27,1.74,68.2,22.52609327520148,Normal Weight,3.566,1.0,85.12042
38,1.78,71.0,22.408786769347305,Normal Weight,2.56,1.0,63.61599999999999
16,1.62,50.0,19.05197378448407,Normal Weight,9.071,1.0,158.7425
26,1.67,55.5,19.90031912223457,Normal Weight,1.722,1.0,33.44985
36,1.7,57.8,20.0,Normal Weight,5.721,1.0,115.73582999999998
46,1.73,60.2,20.11427044004143,Normal Weight,4.694,1.6,158.24412800000002
17,1.63,51.2,19.2705784937333,Normal Weight,9.841,1.0,176.35071999999997
27,1.68,56.0,19.841269841269845,Normal Weight,2.008,1.0,39.35679999999999
37,1.71,58.1,19.86936151294416,Normal Weight,4.581,1.0,93.15463500000001
47,1.74,61.0,20.147971991015982,Normal Weight,9.725,1.6,332.20599999999996
18,1.64,52.5,19.51963117192148,Normal Weight,8.79,1.0,161.51624999999999
28,1.69,56.7,19.85224606981549,Normal Weight,8.354,1.0,165.78512999999998
38,1.72,59.0,19.94321254732288,Normal Weight,3.321,1.0,68.57865
48,1.75,62.3,20.34285714285714,Normal Weight,2.538,1.0,55.34108999999999
19,1.65,53.8,19.761248852157944,Normal Weight,7.018,1.6,211.438304
29,1.7,57.3,19.82698961937716,Normal Weight,9.364,1.6,300.47203199999996
39,1.73,59.9,20.014033211934912,Normal Weight,6.011,1.0,126.020615
49,1.76,63.6,20.53202479338843,Normal Weight,6.145,1.6,218.86031999999997
20,1.66,55.0,19.959355494266223,Normal Weight,3.52,1.3,88.08800000000001
30,1.71,58.5,20.006155740227765,Normal Weight,7.925,1.3,210.94368749999998
40,1.74,60.7,20.048883604174925,Normal Weight,2.683,1.0,57.000335
50,1.77,64.9,20.71563088512241,Normal Weight,3.913,1.0,88.88379499999999
21,1.67,56.2,20.151314138190685,Normal Weight,4.829,1.0,94.98642999999998
31,1.72,59.0,19.94321254732288,Normal Weight,5.568,1.3,149.47295999999997
41,1.75,61.5,20.081632653061224,Normal Weight,3.182,1.0,68.49255
22,1.68,57.5,20.37273242630386,Normal Weight,2.034,1.0,40.93425
32,1.73,60.8,20.314744896254467,Normal Weight,6.496,1.0,138.23488
42,1.76,62.2,20.08006198347108,Normal Weight,3.598,1.3,101.826998
23,1.69,58.7,20.55250166310704,Normal Weight,6.231,1.0,128.01589499999997
33,1.74,61.2,20.214030915576696,Normal Weight,2.389,1.3,66.52409399999999
43,1.77,63.4,20.236841265281367,Normal Weight,5.33,1.6,189.23631999999998
24,1.7,60.0,20.761245674740486,Normal Weight,5.793,1.0,121.653
34,1.75,61.8,20.17959183673469,Normal Weight,1.466,1.3,41.222454
44,1.78,64.8,20.45196313596768,Normal Weight,4.029,1.0,91.37771999999998
25,1.71,61.2,20.929516774392123,Normal Weight,2.21,1.3,61.53966
35,1.76,62.4,20.14462809917356,Normal Weight,1.57,1.0,34.2888
45,1.79,65.7,20.50497799694142,Normal Weight,9.91,1.3,296.24458500000003
16,1.65,65.5,24.05876951331497,Normal Weight,3.901,1.3,116.25955249999998
26,1.7,75.6,26.15916955017301,Overweight,8.289,1.6,350.92310399999997
36,1.75,85.8,28.016326530612243,Overweight,3.292,1.3,128.516388
46,1.8,95.9,29.59876543209877,Overweight,7.134,1.0,239.45271
17,1.67,68.0,24.38237297859371,Normal Weight,7.842,1.3,242.63147999999998
27,1.72,78.2,26.433207138994053,Overweight,6.361,1.3,226.33074100000002
37,1.77,88.3,28.18474895464266,Overweight,5.244,1.3,210.68556599999997
47,1.82,98.4,29.70655717908465,Overweight,4.707,1.0,162.10907999999998
18,1.69,70.5,24.684009663527192,Normal Weight,4.14,1.6,163.44719999999998
28,1.74,80.8,26.68780552252609,Overweight,9.366,1.3,344.3316239999999
38,1.79,90.9,28.369901064261416,Overweight,8.476,1.3,350.5631220000001
48,1.84,101.0,29.832230623818525,Overweight,9.685,1.0,342.36474999999996
19,1.7,73.0,25.25951557093426,Overweight,2.119,1.3,70.382585
29,1.76,83.3,26.89178719008265,Overweight,7.578,1.0,220.93659
39,1.81,93.5,28.540032355544703,Overweight,9.445,1.3,401.8139125000001
49,1.86,104.6,30.23470921493814,Obese Class 1,2.631,1.0,96.32090999999997
20,1.72,75.6,25.55435370470525,Overweight,1.598,1.3,54.96800399999999
30,1.78,85.7,27.04835248074738,Overweight,7.67,1.6,368.09864
40,1.83,96.1,28.69598972797037,Overweight,6.17,1.0,207.52794999999998
50,1.88,107.2,30.33046627433228,Obese Class 1,8.576,1.6,514.834432
21,1.74,78.1,25.79601004095653,Overweight,2.258,1.0,61.722429999999996
31,1.8,88.2,27.22222222222222,Overweight,8.157,1.3,327.348567
41,1.85,98.7,28.83856829802776,Overweight,2.815,1.3,126.4174275
22,1.76,80.7,26.052427685950416,Overweight,2.473,1.3,90.80485049999999
32,1.82,90.6,27.351769110010864,Overweight,2.478,1.3,102.15059400000001
42,1.87,101.3,28.96851497040235,Overweight,8.331,1.3,383.98828649999996
23,1.78,83.3,26.29087236460043,Overweight,6.987,1.0,203.705985
33,1.84,93.1,27.498818525519845,Overweight,5.708,1.0,185.99517999999998
43,1.89,104.0,29.114526469023826,Overweight,4.229,1.3,200.11628000000002
24,1.8,85.8,26.48148148148148,Overweight,8.895,1.3,347.251905
34,1.86,95.7,27.66215747485258,Overweight,4.532,1.3,197.339142
44,1.91,106.9,29.302924810175163,Overweight,8.349,1.3,406.0911855
25,1.82,88.4,26.687598116169543,Overweight,4.952,1.0,153.21488
35,1.88,98.5,27.868945224083298,Overweight,4.392,1.3,196.83846
45,1.93,109.9,29.50414776235604,Overweight,5.164,1.0,198.63325999999998
